<?xml version="1.0" encoding="UTF-8"?>
<project-private xmlns="http://www.netbeans.org/ns/project-private/1">
    <editor-bookmarks xmlns="http://www.netbeans.org/ns/editor-bookmarks/2" lastBookmarkId="0"/>
    <open-files xmlns="http://www.netbeans.org/ns/projectui-open-files/2">
        <group>
            <file>file:/Users/imanolmalaga/Desktop/barrawaza/web/notificaciones.jsp</file>
            <file>file:/Users/imanolmalaga/Desktop/barrawaza/web/perfil.jsp</file>
            <file>file:/Users/imanolmalaga/Desktop/barrawaza/web/estilos/estiloMenu.css</file>
            <file>file:/Users/imanolmalaga/Desktop/barrawaza/web/estilos/perfil.css</file>
            <file>file:/Users/imanolmalaga/Desktop/barrawaza/web/averias.jsp</file>
        </group>
    </open-files>
</project-private>
